customer_id,name
330087,William Sparks
443237,Joseph Williams
329867,Eddie Porter
457937,Jose Carter
240115,Janice Benton
274619,Danielle Mcdaniel
559351,Dr. Diane Rios DDS
509744,Samuel Scott
34211,Gabriel Gray
525535,Monica Miller
258345,Manuel Martin
155967,Fernando Ramos
381113,Tyler Salinas
4192,James Morris
383090,Jeffery Foster
341406,Timothy Brown
74821,Carrie Sanders
266346,Jeffery Ward
184878,Brian Hill
408091,Kevin Jones
400361,Raymond Harding
216271,Dale Walker
173214,Alexis Harper
388766,Bruce Cunningham
74989,Kelly Garcia
54170,Maria Howell
458305,Casey Weaver
460576,Cynthia Jones MD
388349,Amanda Herrera
527498,Russell Wood
475941,Steven Moon
227937,Heidi Collier
198792,James Ramirez
216745,Amanda Porter
517990,Kevin Harris
347579,James Freeman
268685,Jonathan Weaver
354781,Leah Pittman
292123,Jean Lee
377717,Jacob Miller
600478,William Hood
247160,Chad Cain
602177,Jenny Young
248033,Mr. Trevor Nelson
340499,Robert Brown
199715,Michelle Bates
395663,Chase Murray
404031,Renee Bautista
183248,Amanda Shaw
633731,Patrick Barrett
589587,Elizabeth Vazquez
500865,Robert Cochran
409542,Andrew Davenport
228182,Kelly Woods
143014,Kari Hernandez
32252,Jane Johnson
57495,Malik Macdonald
17727,Aaron Thomas
247273,Curtis Velasquez
328891,Brianna Kirk
425657,Ryan Murray MD
49888,Mark Lewis
75372,Jason Alexander
526498,Kimberly Baker
484805,Courtney Whitney
31772,Kent Evans
299192,Amanda Carter
427285,Noah Allen
106977,Brandon Nelson
305711,Olivia Young
443212,Wanda Tyler
483802,Wayne Lambert MD
341323,Nicholas Prince
104956,Brian Atkinson
514882,Sherri Kennedy
444559,Kellie Obrien
520997,Veronica Smith
465307,Brittany Williams
223813,April Fitzgerald
224447,Eric Mcdonald
470760,Sarah Whitney
320164,Jennifer Smith
272755,Danielle Torres
605757,David Adams
411890,Selena Everett
128445,Ivan Cobb
327798,Peter Johnson
348829,Brian Mccormick
126476,Jennifer Crawford
447590,Mary Rose
237872,Michelle Baldwin
64438,Rebecca Powell
351480,Cynthia Martinez
375835,Jennifer Sanders
40329,Terri Williams
372693,Amber Harrison
312624,Brenda Hill
333542,Matthew Perry
89859,Deborah Hamilton
504734,Melissa George
486829,Thomas Mills
205330,Sarah Wilkinson
529140,Joshua Martinez
374038,Raymond Allen
366833,Jennifer Brown
197446,Natasha Coleman
617399,Matthew Meadows
620308,Kaylee Gomez
218965,Nicholas Mcgee
477335,Timothy Harding
19735,Jesus Mcdonald
196777,Jade Roberts
402227,Zachary Clark
65360,Marcus Phillips
310149,Ryan Singh
67460,Misty Parker
267215,Martin Sanchez
344390,Jesse Lawrence
472153,Heather Collins
323752,Nancy Sullivan
392527,Michael Lin
603051,Luis Chavez
116081,Mary Taylor
543857,Morgan Dickerson
162610,Sarah Daniels
196689,Ryan Flores
487598,Paul Fisher
431491,William Acevedo
237004,Matthew Moore
313962,Timothy Thomas
364521,Sherri Bailey
116725,Eric Ross
25741,Janet Burke
254541,Melanie Lee
347980,Susan Hodge
386540,Ashley Williams
94727,Patricia Valdez
263612,Sandra Chapman
321721,Steven Marsh
170082,Michael Rivera
222746,Wanda Sims
79518,Maria Smith
35836,Jerry Montgomery
292455,Rebecca Williams
3047,Crystal Martinez
388749,Jonathan Burns
251430,Michael Curtis
423147,Anthony Cruz
369989,Joseph Stone
111282,John Ponce
590903,Tanya Rodriguez
296473,Mary Ramirez
512251,Melanie Saunders
136622,Victor Coleman
141217,Joshua Stevenson
551515,Beth Brown
455647,William Kelly
337608,Michael Bass
385788,Todd Summers
410362,Sharon Rodriguez
444914,Shelby Williams
270276,Kevin Brown
182097,Lisa Peters
272954,Eric Hale
434809,Megan Wallace
154075,Lisa Taylor
225210,Christina Moore
379362,Brandon Burch
67639,Rachel Dodson
18926,John Hunter
315653,Amy Baker
372699,Tina Porter
634910,Christopher Underwood
614882,Chris Roberts
337495,Tonya White
119132,Jason Butler
597378,Brandon Watson
397700,Sarah Marshall
195782,Jordan Carter
55040,David Woodard
620982,Manuel Nicholson
440197,Megan Shannon
188506,Cassandra Jackson
137490,Charles Johnson
297717,Brian Rodriguez
474180,Christopher Williams
577920,Elizabeth Bridges
498181,Paula Neal
159249,Anthony Turner
366716,Alexander Franco
442716,Doris Scott
537212,Brian Johnson
40388,Blake Gonzalez
566253,Lori Brown
514741,Jessica Stuart
357345,Kathryn Thomas
601700,Jason Cruz
404763,Adam Harrington
70973,Kari Vega
278014,Brandon Marshall
122085,Daniel Cunningham
130787,Jenna Perez
89545,Mary Roberts
354325,Eric Daniels
166778,Rebecca Riggs
370192,William Patterson
536351,Thomas Adams
343928,Shawn Logan
407205,John Martin
630670,Linda Frye
19031,Katrina Barnes
19883,Michael Lopez
612529,Cynthia Harris DVM
14460,Kevin Pitts
275580,Nicholas Estes
621605,Mr. Ricardo Williams
588305,Brandon Yates
495300,Dawn Lindsey
239894,Nicole Hamilton
291162,Maria Wallace
225549,Sydney Wilson
411333,Samuel Collier
5114,Gregory Anderson
602077,Chad Brooks
114620,Jennifer James
437037,Dylan Porter
68064,Jennifer Cooper
275406,Kaitlin Morgan
588281,Sheri Clay
104058,Timothy Lane
584682,David Cain
103328,Jill Hanson
60053,Brian Wilson
169899,Mary Blake
47,Melanie Bush
137096,Derrick Jensen
337643,Christina Johnson
114605,Michael Edwards
198673,Richard Reyes
276849,Anthony Jones
92035,Brandon Yu
373644,Ms. Paula Graham MD
127170,Beverly Hansen
383423,Kathryn Morgan
47052,David Mitchell
499385,Joshua Valentine
630313,Bryan Patrick
107638,Pamela Norman
444471,Stacy Valentine
442861,Zachary Baker
322136,Laura Mcdonald
413885,Sandy Lam
145275,Sherry Wilson
423085,Melissa Johnson
64639,Lisa Mcdonald
340087,Tyler Lopez
559577,James Lawson
461397,Sylvia Ramirez
383166,Michael Trevino
81556,James Gray
452805,Ronald Odonnell
517247,Lisa Flowers
15907,Brianna Hayes
508821,Daniel Myers
97155,Amber Donaldson
289543,Tamara Swanson
615403,Shirley Roth
340688,Veronica Cardenas
196961,Fernando Diaz
486414,Alan Jackson
277810,Stephen Mckenzie
190670,Nicholas Duncan
197443,Shirley Johnson
302579,Laura Hunt
81213,James Johnson
521106,Scott Beasley
198265,Kathleen Jackson
171837,Donna Douglas
29166,Clayton Wallace
587853,Heather Mcintosh
357161,Jacob Reilly
140574,Melinda Flores
158594,Jonathan Edwards
16591,Alicia Martinez
243368,Jason Clay
566248,Andrew Young
317939,Bobby Golden
614935,David Adams
407472,Dana Rice
524319,Jessica Bradley
633473,Rebecca Stevens
275912,Monica Wolfe
333188,Deborah Shaw
631458,Shannon Taylor
172098,Michelle Villegas
137272,Katrina Smith
198524,Karen Salazar
495016,Mary Chavez
145973,Kendra Hicks
80884,Nicholas Mccall
247840,Daniel Morrison MD
474229,Tyrone Riggs
164189,Heather Vega
629137,Joseph Stark
272095,Christopher Keith
482309,Michelle Gonzalez
118866,Miguel Edwards
377459,Vanessa Johnson
28442,Todd Heath
375953,Jeffrey Young
427255,Sonia Pugh
447242,Ashley Gray
266265,Manuel Chambers
619195,Kimberly Warren
538117,Sarah Patel
502882,Jacob Clayton
298580,Victoria Mcdonald
372849,Tanya Pennington
278060,Gloria Hicks
179216,Daniel Hood
537614,Kimberly Ramos
593136,Jessica Everett
145136,Amanda Alvarez
15962,Caitlin Gonzales
318586,Eric Heath
61618,Christina Lutz
66991,Craig Thomas
288609,Mary Barker
263403,Christopher Watkins
219386,Stephen Woods
318806,Leroy Jenkins
307983,Leslie Harris
186397,Kelly Salazar
406420,Wendy Ray MD
483974,Brian Green
480298,Carrie Nichols
280128,Susan Baker
72174,Zachary Vasquez
90141,Nicole Harris
220891,Jennifer Gallagher
461005,Jennifer Cabrera
539897,Christopher Rodriguez
318234,Andrew Sanchez
5594,Tara Fox
198149,Steven Yu
165821,Amanda Garrison
483198,Debbie White
464976,Stephanie Hernandez
243166,Eric Leonard DDS
234031,Amanda Schneider
219063,James Munoz
523945,Todd Martin
414877,Jonathan Bowman
397910,Lauren Dunlap
318144,Stephen Reed
439383,James Faulkner
191430,Ryan Dennis
124293,Devon Foster
473237,Benjamin Johnson
140891,Ann Morales
355905,Deanna Smith
134108,Cathy Jackson
313104,Heather Rhodes
281797,Veronica Harris
413254,Robert Hendrix
300206,Angela Dunlap
369574,Kara Alexander
536769,Raymond Holmes
316583,Amanda Jordan
63209,Jennifer Carter
403605,Christopher Lucas
14014,Joyce Myers
428588,Anthony Johnson
18096,Mary Gordon
425448,Shelly Norton
17681,Mary Miller
265429,Robert Rodriguez
308474,William Finley
583713,Dean Jenkins
491702,James Flores
572133,Crystal Mccarthy
268199,Stephen Alexander
135201,Todd White
111930,Jennifer Cervantes
162837,Claudia Jackson
328597,Sandra Goodwin
622496,Bruce Potts
381411,Michele Braun
454521,Julian Colon
256434,Kathy Reese
572314,Elizabeth Kelly
285486,Eileen Fuentes DDS
397650,Melissa Conway
12149,Jasmine Bradford DDS
546270,Kimberly Hester
584367,Pamela Andrade
339941,Patricia Frey
631501,Miranda Alexander
630409,Christopher Campbell
269903,Ashley Mejia
5122,Joseph Kennedy
486186,Kathryn Frederick
563059,Melissa Davis
395558,Mr. Ryan Horton
388101,Jonathan Williams
413994,Mary Briggs
137433,Mark Dominguez
93071,James Wolf
112624,Edgar Jones DDS
128765,Karen Sanchez
65361,Monica Jones
317814,John Sanchez
560821,Karen Dominguez
376313,Heather Chan
368550,Andrea Jackson
424482,Angela Newman
452208,William Brown
253152,Marcus Payne
60486,Kayla Hodge
159898,Victoria Hall
572339,Scott Chapman
267933,Becky Powers
551509,Emily Fisher
535856,Lisa Scott
54090,Gregory Davidson
94351,Jill Norris
294117,Kelly Lee
177320,Holly Lee
73993,Jennifer Ramirez
467619,Matthew Carson
16600,Kimberly Russell
265489,Dylan Kline
301784,Allison Martin
456611,Keith Anderson
57674,Stacy Bryant
616316,Susan Richardson
195004,Vanessa Jones
298918,Christopher Herrera
558576,William Mathews
146169,Daniel Vazquez
501780,Karen Casey
294813,Jeffrey Gallegos
121800,Heather Crawford
25494,Anthony Wood
181383,Kyle Bryant
336346,Alison Arnold
44354,Heather Daniels
323879,Christopher Brown
138190,Robert Taylor
532719,Nicole Conner
241010,Trevor Adams
495237,Jennifer Morris
395079,Brittany Smith
539963,Judy Evans
586845,Tamara Ellis
272646,Leah Williams
626091,Brianna Miller
309718,Timothy Miles
290939,Charles Chan
243440,Julie Mosley
268071,Alison Cohen
239433,Edwin Pennington
150941,Gloria Gonzalez
329644,Nicole Martin
283435,Raymond Smith
332314,Thomas Olson
626920,Edward Atkins
483436,Jeremy Sullivan
617600,Adam Gregory
330747,Brandy Boyd
953,Dustin Smith
88573,Joshua Page
524885,Christina Jefferson
211746,Dr. Heidi Armstrong PhD
383209,Marissa Johnson MD
556257,Nancy Jackson
230059,Robert Lee
134987,Michael Smith
267991,George Williams
493967,Lisa Flores
37307,Holly Mills
506580,Susan Martinez
623410,Alan Duncan
477553,Brittany Green
38533,Steven Thomas
76535,Nicole Cole
533583,Michael Chapman
613383,Crystal King
51450,Leslie Doyle
22082,Andrea Simmons
498350,Mr. Mark Smith Jr.
59553,Jeffrey Harris
597128,Lisa French
184406,Michelle Lewis
330690,Thomas Hale
276211,Stephen Mitchell
599100,Sarah Jones
487675,Jose Price
575418,Bryan Munoz
596914,David Smith
96221,Heather Stewart
189955,Janet Carter
290933,Crystal Clements
517386,Tyler Jones
193222,Brandon Rivers
501972,Nicolas Washington
502501,Amy Vega
153224,Brian Snyder
384533,Lance Sanchez
527255,Kimberly Day
76544,Robert Garcia
478385,Ian Ellis
270227,Michael Reed
178585,Joseph Fischer
289524,David Powers
509969,Christina Saunders
343905,Andrew Baker
237308,Alyssa Ewing
186852,Emily Salazar
553127,Scott Knight
336229,Catherine Reese
81907,Lori Mccall
306275,Francis Bruce
557508,Wendy Jones
462322,Belinda Valenzuela
363973,Joseph Guzman
17630,Trevor Brooks
67418,Mr. Matthew Hale
408025,Taylor Taylor PhD
632554,Jared Holland
335207,Paul Marshall
215199,Michael Evans
321043,Jeffrey Price
215442,Sandra Brown
83202,Olivia Harris
305636,Terry Suarez
39290,Linda Pope
126342,Michelle Mcgrath
49245,Victoria Evans
271374,Luis Carter
273955,John Jones
44562,Mrs. Ann Everett
22839,John Heath
168019,Daniel Chapman
185152,Zachary Nguyen
84979,Sarah Lee
313699,Tiffany Jones
616694,Bianca Scott
14728,Linda Aguilar
74588,Bobby Allen
540464,Jesse Mora
540689,Charles Carney
456434,Richard Thompson
403454,Tanya Daugherty
237631,Timothy Holden
477494,Debra Jones
10164,Katelyn Spencer
256876,Andre Reynolds
622993,Justin Campbell
14000,Wendy Warren
619792,Mrs. Teresa Perkins DDS
178962,Phillip Nicholson
362232,Erin Barajas
387699,Cynthia Richardson
489194,Ashley Davidson
358563,Michael Randall
486885,Ernest Robertson
564895,Mary Owens
157002,George Perez
539365,Brandon Webb
147156,Tammy Davis
548861,Elizabeth Howard
186703,Kevin Williamson
470251,Christopher Rodriguez
505623,Clarence Cohen
100264,Daniel Stein
339286,Alexis Poole
225477,Ryan Jordan
520816,Tara Delacruz
525285,James Schneider
457001,Russell Hughes
244241,Sandra Torres
632025,Maria Gallegos
446605,Andrea Mckinney
69407,Brooke Long
180550,Joseph Johnson
293492,Joanna Rubio
302158,Shawn Peterson
256298,Patrick Reed
88819,Jeremiah Kim
539336,Clayton Gonzalez
196286,Brandon Willis
255736,Sherri Joyce
542897,Steven Smith
301044,Diana Horton
593883,Gina Tran
550536,Maria Hartman
117040,Robert Howard
469783,Cheryl Johnson
99723,Amber Martin
471161,Ernest Ayala
246841,Michael Terrell
195563,Christopher Hawkins
85104,Chase Holmes
166614,Emily Sanchez
328567,Andrew Bell
206091,Joyce Robinson
415466,Dr. Christopher Smith
308950,Paul Arnold MD
491622,Timothy Hogan
282113,Karl White
515947,Michael Stokes
184939,Kathleen Jackson
95570,David Ingram
213361,Jacob Booker
348765,Christopher Gray
141123,Dennis Wagner
368690,Heather Arnold
171711,Amanda Hanson
584679,Dawn Houston
76668,Tyler Mullins
449662,Jackson Mendez
400963,Shelley Turner
26712,Kevin Martin
408185,Shannon Mccarty
196929,Patricia Hall
505707,Tyler Mitchell
14041,Sarah Smith
571091,Susan Rosales
304592,Jessica Long
263455,Juan Pierce
142880,Kaitlyn Rice
553246,Adrian Bailey
560824,Alison Harding
320634,Chase Anderson
489553,Diane Reed
519150,Nicole Lee
553245,Vincent Hooper
378412,Tracy Hayes
599726,Jamie Powers
67168,Michael Paul
502247,Robin Barnes
352960,Robert Schmidt
3140,Danielle Ingram
394767,Stephanie Singh
436117,Laura Perry
421529,Lindsay Butler
179005,Andrew Mooney
354526,Julia Davis
7436,Ashley Lane
110227,Briana Gardner
152267,Kim Morales
148978,Gary Williamson
44651,Tina Kane
79164,Evan Clark MD
232353,Randall Brown
123637,Debra Allen
147985,Joshua Carlson
321814,Krystal Santiago
489581,Kaitlyn Smith
195316,Sheila Higgins DDS
552103,Lori Trujillo
439689,Laura Allen
36095,Barbara Andrews
381251,Jennifer Campbell
422383,Regina Lopez
444247,Kristen Butler
586240,Melissa Conner
193506,Pamela Clark
152464,Chelsea Wilson
143308,Jeffrey Spencer III
590940,James Graham
1336,Michael Pollard
38558,Robert Boyd
173689,Kyle Johnson
233432,Kelly Williams
491205,Michael Knight
140214,David Clark
439490,Sandra Allen DDS
470404,Katelyn Parker
619206,Johnny Taylor
546983,Jeffrey Hull
446086,Luis Mercado
327105,Margaret Bass
262882,Andrea Rojas
438106,Kaitlin Hughes
553215,Zachary Stewart
142113,Jonathan Little
608186,Tiffany Soto
34066,Mrs. Rebecca Gomez
518170,Stacey Thomas
404332,Danielle Jefferson
88887,Emily King
437443,Nicole Mclaughlin
497690,David Hayden
225736,Robert Espinoza
344869,Valerie Lamb
318119,Cynthia Pitts
596487,Stephen Perkins
198681,Lori Harris
243411,Dennis Fisher
240175,Robert Velazquez
510621,Angela English
578908,Joshua Carey
111921,Casey Cook
181532,Stephen Villa
52792,Ryan Mosley
632736,Charles Morton
633437,Amanda Andrews
300210,Jose Norman
490288,Sabrina Krause
381408,Scott Lewis
98196,Alice Stephenson
52130,Michael Harrison Jr.
278909,Heather Lopez
577460,Jeffrey Hansen
422789,Matthew Baker
338997,David Gonzalez
365538,Matthew Barton
557062,Andrea Moore
221257,Eileen Jackson
620164,Aimee Young
229167,Christopher Anderson
381581,Teresa Farmer
518472,Stacey Collins
293695,William Bryant
233237,Justin Landry
451883,Anthony Olson
268452,Paula Underwood
518752,Cynthia Gould
603770,Julie Cohen
539243,Taylor Shannon
407671,Steven Lopez
563787,Eric Williamson
354414,Aaron Johnson
628041,Stacy Williams
98871,Mandy Parker
123559,Heather Compton
471018,Billy Johnson
253309,Bryan Long
442294,Taylor Curtis
389075,Daniel Solis
530898,Rebecca Thomas
65535,Christine Scott
629734,Regina Smith
228924,Pamela Harrison
447720,Katherine Parrish
398162,Christopher Cain
177947,Joseph Richard
495820,Terri Miller
625068,David Campbell
502497,Nancy Romero
365609,Lisa Hall
399073,Betty Young
210748,Julia Deleon MD
483241,Lori Lewis
544932,Alexis Roberts
548093,Amber Peterson
284547,Andrew Cole
384278,Nicole Miller
506175,Steven Cruz
546009,Walter Griffin
177232,Matthew Howard
383619,Kevin Vaughn
84527,Amber Perkins
533811,Alexandra Mann
260458,Jennifer Wilson
1012,Heather Rios
260710,Lauren Wheeler
219269,Erika Ali
197813,Rachel Shannon
231364,Mark Joseph
520422,Amy Hill
451905,Beverly Moore
535736,Justin Jimenez
457841,Jessica Jones
441811,Tammy Jackson
580306,Linda Sims
436561,Alex Hodge
50035,Angelica Schaefer
548536,Samuel Mccann
482572,Anna Mathis
616769,Richard Davis
404705,Jacob Simpson
39725,Pamela Romero
35213,Isaiah Brown
209403,Anthony Porter
507322,Jennifer Bell
552774,Lisa Jackson
275255,Charles Schultz
139687,Cynthia Miller
423053,Christopher Ho
444437,Marissa Hendricks
492308,Janet Berg
296889,Kimberly Weaver
499079,Ann Kelley
592661,Jonathan Wyatt
264968,Amanda White
444203,Alisha Bentley
101778,Christopher Henry III
211150,Miguel Bradley
635,Kayla Morris
239171,Ms. Jennifer Reese
417755,Samuel Gomez
245705,Ann Barnes
100632,Olivia Mendoza
394940,Melanie Chambers
131891,Vincent Foster
178323,Cassandra Luna
446907,Nicole Bowman
172977,Alan Everett
370718,Carrie Swanson
240205,Mr. Raymond Walker
364165,Christopher Meadows
131713,Kimberly Miller
126844,Paula Moore
217453,Michael Camacho
576970,Morgan Shepherd
629403,Amanda Harris
421134,Danny Carr
325557,Jeffrey Ryan
189600,Kathleen Wheeler
178705,Mark Howard
196029,Susan Gonzalez
429592,Janice Obrien
456296,Marie Trujillo
29984,James Gordon
575960,Luis Murphy
66969,Sheila Ponce
217091,Brenda Newton
299953,Bethany Montgomery
393792,James Koch
312716,James Becker
285804,Melissa Martinez
104180,Sheri Bowers
18823,Ronald Kent
462543,Bryce Thompson
383236,Stephanie Ward
603416,Pamela Jenkins
574343,Stephanie Bright
82135,Jennifer Johnson
536085,Megan Smith
608980,Jason Henderson
369096,Sherri Parsons
519170,Daniel Herrera
212599,Cynthia Mendoza
49212,Bridget Griffin
39228,Jordan Nguyen
601053,Alyssa Hart
527549,Thomas Nelson
531875,Gerald Cole
241634,Denise Malone
326634,Valerie Rice
135336,Denise Johnson
301387,Kevin Thomas
389184,Isaac Lee
311770,Bailey Haas
3258,Betty Cunningham
248102,Amber Thomas
189350,Andrew Estrada
36334,Eduardo Austin
364107,Edward Flores IV
462134,Daniel Gonzalez
226150,Edward Saunders
273562,Thomas Harrington
276488,Madison Berg
267046,Kristine Watson
612965,Erica Kelly
36307,Michelle Richards
502597,Connie Clark
378448,Heather Herrera
66773,Emily Johnson
230728,William Davis
283101,Hannah Goodwin
604739,Brian Lindsey
114834,Holly Lopez
448138,Helen Howard
216795,Briana Gutierrez
550642,Taylor Hodges
36611,Benjamin Harrison
333174,Leslie Ramsey
119845,Karen Gibson
395025,Maxwell Newman
438547,Shawn Howard
103818,Michael Williams
569753,Shannon Ibarra
89999,Christy Brennan
572711,Lawrence Hays
263103,Norma Wiggins
199389,Paige Barrett
474662,Erin Brown
532648,Jaime Thompson
337878,Allen Archer
434665,Jessica Maynard
196630,Mrs. Misty Ross DDS
227021,Mary Combs
575518,Billy Monroe
236017,Brian Daniel
41832,James Fisher
608532,Anna Kemp
547520,Mandy Vargas
26502,Amanda Owens
125837,Matthew Dennis
45873,Dakota White
337838,Claire Petty
605812,Deborah Sullivan
429562,Johnny Johnson
406166,Phillip Bennett
381610,Gregory Hughes
37094,Kathryn Reyes
577923,Charlene Gross
541691,John Brown
159381,Jonathan Barker DDS
133129,Nancy Cameron
535555,Frank Fuentes
602725,Louis Jones
311901,Albert Clark
422402,Jeanette Santiago
60257,Rhonda Franco
213984,Joe Simpson
477707,Andrew Collins
337470,Anthony Barnes
208942,Joseph Henry
37740,Elizabeth Carter
344581,Mikayla Hall
537722,Alexander Harrington
244504,Joshua Smith
163283,Jeff Kelley
486053,Nicole Avery
425141,Brittany Watkins
281136,Shawn Wilson
366022,Michael Peterson
476819,Ryan Hernandez
612403,Brandon Clark
262642,Steven Perez
485038,Susan Singleton
571879,Austin Jensen
481197,Blake Johnson
282651,Alexandra Smith
474094,Dustin Davis
569017,Terry Johnson
319348,Mark Roberson
610034,David Chaney
4717,Brandon Bowen
390339,David Gonzalez
525384,Mark Hansen
623933,Sean Hicks
611263,Deborah Sims
146699,Rebecca Alvarez
82909,Melissa Macdonald
535656,Matthew Peterson
224935,Matthew Randall
262744,Andrew Carter
60132,Katie Cooper
305303,Kimberly Bennett
507673,Gregory Bell
478590,Lindsay Anderson
445971,Vincent Monroe
387090,Stephanie Daniel
301795,Joseph Garcia
414005,Dustin Perry
235489,Krystal Moore
31547,Jill Petersen
491181,William Smith
375762,Bruce Rhodes
527306,Brian Galvan
221831,Steven Holmes
257135,Linda Bush
266465,Colleen Thompson
464277,Meghan Martinez
24370,Megan Faulkner
344130,Christina Garza
214030,Dustin Garcia
546755,Michael Stevenson
112305,Angela Rhodes
299247,Kelly Crawford
344412,Robert Anderson
611436,Michael Hayes
88913,Christine Hale
509455,Michelle Chambers
590385,Sara Clark
130389,Jason Blake
17521,Curtis Henry
367487,Ricky Elliott Jr.
306210,Kevin Bell
315700,Amanda Moreno
497168,Charles Taylor
625575,Catherine Flores
586222,Steve Chase
354495,Samuel Bird
542542,Hayley Ruiz
169515,Luke Lowe
48603,Joseph Smith
45370,Kevin Rodriguez
320243,Jerry Patterson
354451,James Sanchez
338208,Jennifer Clark
373367,Caleb Moore
606452,Thomas Gray
172733,Misty Torres
