customer_id,email
599100,brian12@example.net
330087,emyers@example.com
25494,cindymurphy@example.net
25494,fthompson@example.org
44354,cindymurphy@example.net
44354,fthompson@example.org
518170,carterscott@example.org
443237,fjones@example.org
304592,gonzalezdavid@example.org
329867,qrodriguez@example.org
381113,qrodriguez@example.org
540689,vhart@example.net
210748,joneserica@example.net
541691,petersonrichard@example.org
332314,imartin@example.org
457937,mbennett@example.net
240115,mbennett@example.net
402227,mbennett@example.net
65360,mbennett@example.net
310149,mbennett@example.net
67460,mbennett@example.net
267215,mbennett@example.net
344390,mbennett@example.net
272954,mbennett@example.net
272646,calvin16@example.org
278909,trodriguez@example.net
294813,rmartinez@example.org
34066,fhutchinson@example.net
67168,brownkristy@example.org
60257,shelly62@example.net
274619,banksbrittany@example.com
216271,banksbrittany@example.com
299192,banksbrittany@example.com
19735,banksbrittany@example.com
40388,banksbrittany@example.com
621605,banksbrittany@example.com
127170,banksbrittany@example.com
383423,banksbrittany@example.com
47052,banksbrittany@example.com
499385,banksbrittany@example.com
630313,banksbrittany@example.com
344581,elizabetheverett@example.com
422402,sara91@example.net
302158,ljimenez@example.com
302158,bmitchell@example.org
597128,ypierce@example.com
553245,browndana@example.com
559351,rsmith@example.com
341406,rsmith@example.com
24370,sandra36@example.com
509744,mary65@example.com
348829,mary65@example.com
524319,mary65@example.com
34211,franklinsean@example.net
458305,franklinsean@example.net
460576,franklinsean@example.net
602177,franklinsean@example.net
188506,franklinsean@example.net
442716,franklinsean@example.net
602077,franklinsean@example.net
602077,coopernicholas@example.com
337838,christina84@example.com
111921,kaitlynpowell@example.org
525535,vjohnson@example.org
409542,vjohnson@example.org
57495,vjohnson@example.org
106977,vjohnson@example.org
388749,vjohnson@example.org
423147,vjohnson@example.org
394767,ygomez@example.org
258345,ndavis@example.com
383090,ndavis@example.com
74989,ndavis@example.com
603051,ndavis@example.com
190670,ndavis@example.com
197443,ndavis@example.com
542542,anguyen@example.com
336346,velazquezrebecca@example.org
155967,donald03@example.com
410362,donald03@example.com
577920,donald03@example.com
577920,michael38@example.org
276849,donald03@example.com
566248,donald03@example.com
407472,donald03@example.com
298580,donald03@example.com
5594,donald03@example.com
191430,donald03@example.com
454521,donald03@example.com
572314,donald03@example.com
510621,daniel93@example.net
82909,jeffrey70@example.net
215442,larsonchristine@example.com
329644,mbaker@example.net
241010,mbaker@example.net
267046,joemayo@example.org
181383,romanmaxwell@example.net
323879,romanmaxwell@example.net
343905,alexanderfrancis@example.net
44562,clarson@example.net
608532,aimee12@example.org
219269,michael68@example.org
301387,jaime31@example.net
338208,lori47@example.com
45370,melissa21@example.net
619206,lorifreeman@example.net
369096,reginald10@example.com
384533,greenpatricia@example.com
507322,matthewraymond@example.com
622993,eanderson@example.net
14000,eanderson@example.net
4192,imiller@example.net
321814,allisonanderson@example.net
575418,jonesjoseph@example.net
602725,robertsonerin@example.org
313699,jason37@example.net
135336,chanmichael@example.org
74821,qrodriguez@example.org
514741,qrodriguez@example.org
363973,amandabutler@example.net
260458,rsummers@example.net
22082,garrett72@example.com
196929,johnwilson@example.com
266346,dustinwoods@example.com
366833,dustinwoods@example.com
92035,dustinwoods@example.com
278060,dustinwoods@example.com
184878,ahall@example.org
535555,martinrichard@example.com
233237,rnorman@example.com
439490,kcarter@example.com
577460,hardyrachel@example.com
530898,reynoldssusan@example.com
408091,brownsara@example.net
126342,ddavis@example.net
553215,donald35@example.com
400361,campbelldavid@example.org
537212,campbelldavid@example.org
164189,campbelldavid@example.org
164189,mary76@example.com
535656,hallerin@example.net
389075,nancy91@example.net
539243,gwhite@example.com
497168,mary57@example.org
283101,andersonpamela@example.com
283101,tinahurst@example.org
289524,brandonwalker@example.com
625068,crystallin@example.com
539336,turnerjohn@example.com
311901,timothy86@example.org
495820,jennifer58@example.org
384278,egross@example.net
173214,rsmith@example.com
344130,morganaustin@example.com
388766,bsmith@example.com
268685,bsmith@example.com
268685,ypena@example.net
447242,bsmith@example.com
308950,fisherjenny@example.org
54170,fjones@example.org
517990,fjones@example.org
340688,fjones@example.org
186852,wflynn@example.org
407671,iryan@example.org
596487,gbaldwin@example.com
293695,tylerschneider@example.org
398162,myoung@example.org
533811,tarajones@example.com
39228,bnewton@example.net
444247,amandavelazquez@example.net
388349,fmaynard@example.com
527498,angelamonroe@example.org
354325,angelamonroe@example.org
475941,martinholland@example.net
475941,hgarcia@example.net
227937,martinholland@example.net
198792,martinholland@example.net
216745,martinholland@example.net
600478,martinholland@example.net
247160,martinholland@example.net
341323,martinholland@example.net
272755,martinholland@example.net
633473,martinholland@example.net
550642,eric58@example.net
227021,carololson@example.net
69407,christopherhowe@example.com
564895,dalexander@example.org
623410,jennifer80@example.net
321043,stevenevans@example.org
483241,christian07@example.com
196630,michael51@example.com
37307,nelsonmatthew@example.com
347579,irich@example.net
395079,theresahall@example.com
26502,vkrause@example.org
196777,ypena@example.net
431491,ypena@example.net
292455,ypena@example.net
444914,ypena@example.net
612529,ypena@example.net
114620,ypena@example.net
461397,ypena@example.net
383166,ypena@example.net
486414,ypena@example.net
614935,ypena@example.net
134987,kevin67@example.net
629403,edwardscurtis@example.net
266465,jonathan49@example.net
354781,william01@example.org
354781,hansenchristopher@example.org
17727,william01@example.org
526498,william01@example.org
411890,william01@example.org
128445,william01@example.org
64438,william01@example.org
351480,william01@example.org
351480,efoster@example.org
40329,william01@example.org
372693,william01@example.org
197446,william01@example.org
79518,william01@example.org
136622,william01@example.org
455647,william01@example.org
225210,william01@example.org
67639,william01@example.org
18926,william01@example.org
620982,william01@example.org
404763,william01@example.org
68064,william01@example.org
47,william01@example.org
337643,william01@example.org
337643,twerner@example.com
277810,william01@example.org
172098,william01@example.org
480298,william01@example.org
502501,thompsonjoshua@example.com
292123,christopher31@example.com
292123,rickymarshall@example.org
292123,irich@example.net
551515,rickymarshall@example.org
195782,rickymarshall@example.org
215199,xrodriguez@example.org
377717,bsmith@example.com
230059,johnsonjulie@example.org
35213,rachelyoung@example.com
327105,jennifermccarty@example.net
319348,michaelbell@example.net
256298,ryan93@example.net
548861,ryan93@example.net
368690,alopez@example.com
309718,alexanderbrooks@example.com
283435,fosterashley@example.com
243440,fosterashley@example.com
146169,gpeterson@example.net
248033,imiller@example.net
340499,fdavis@example.com
590940,pmurray@example.net
199715,kristin65@example.com
122085,kristin65@example.com
395663,wyattskinner@example.com
404031,ndavis@example.com
330690,paulashley@example.net
183248,qrodriguez@example.org
500865,qrodriguez@example.org
633731,dayjose@example.com
397700,dayjose@example.com
498181,dayjose@example.com
366716,dayjose@example.com
366716,imiller@example.net
589587,imiller@example.net
470760,imiller@example.net
205330,imiller@example.net
603416,meghan27@example.net
81907,csnyder@example.com
603770,michaelsteele@example.net
264968,joseph25@example.net
228182,mgalvan@example.net
35836,mgalvan@example.net
634910,mgalvan@example.net
5114,mgalvan@example.net
588281,mgalvan@example.net
107638,mgalvan@example.net
64639,mgalvan@example.net
145973,mgalvan@example.net
118866,mgalvan@example.net
372849,mgalvan@example.net
268199,mgalvan@example.net
487675,lsmith@example.com
635,qwood@example.com
553127,micheal81@example.org
138190,huntlori@example.net
138190,chad78@example.org
518752,kyliedavis@example.org
74588,sbates@example.com
451905,hamiltonmelissa@example.net
441811,nathan63@example.net
571879,jose84@example.org
478385,martinezchristopher@example.com
143014,zwelch@example.com
386540,zwelch@example.com
370718,christopherwalters@example.org
495237,calebreyes@example.org
438547,schneiderjessica@example.net
362232,clarkdaniel@example.net
32252,roselaura@example.com
413885,roselaura@example.com
145275,roselaura@example.com
452805,roselaura@example.com
289543,roselaura@example.com
615403,roselaura@example.com
29166,roselaura@example.com
140574,roselaura@example.com
16591,roselaura@example.com
375953,roselaura@example.com
61618,roselaura@example.com
90141,roselaura@example.com
539897,roselaura@example.com
428588,roselaura@example.com
622496,roselaura@example.com
262882,diazpeter@example.com
456434,jacqueline94@example.net
247273,ndavis@example.com
446907,tinaramos@example.net
172977,cooperjoyce@example.net
366022,sullivanpeter@example.org
110227,floresmatthew@example.net
395025,patrick17@example.org
569017,hernandezlauren@example.com
505707,david97@example.net
84979,ashley55@example.net
168019,brendanmarshall@example.com
325557,nguyendaniel@example.net
328891,taylortyrone@example.org
517247,taylortyrone@example.org
224935,smithsarah@example.org
425657,bsmith@example.com
49888,qrodriguez@example.org
75372,qrodriguez@example.org
427285,qrodriguez@example.org
89999,dillonlee@example.com
333174,htodd@example.org
383619,skinnershannon@example.org
179005,mooreashley@example.net
195563,williamwashington@example.net
95570,andrew23@example.com
484805,sheila82@example.com
443212,sheila82@example.com
605757,sheila82@example.com
333542,sheila82@example.com
89859,sheila82@example.com
504734,sheila82@example.com
529140,sheila82@example.com
104058,sheila82@example.com
559577,sheila82@example.com
15907,sheila82@example.com
288609,sheila82@example.com
318806,sheila82@example.com
318234,sheila82@example.com
147156,michaelclarke@example.net
31772,bsmith@example.com
537722,zbarrett@example.net
381408,alexander04@example.net
237308,xcampbell@example.org
399073,uterrell@example.org
485038,paul68@example.net
446605,clucas@example.com
446605,iberry@example.com
305711,karen01@example.net
143308,combssteven@example.com
483802,grosstroy@example.org
10164,vsmith@example.net
298918,vlong@example.org
104956,ndavis@example.com
213361,michael38@example.net
88819,wallacejohn@example.com
514882,vhiggins@example.com
312624,vhiggins@example.com
357345,vhiggins@example.com
370192,vhiggins@example.com
237631,angela79@example.net
98871,jennifer37@example.com
438106,lauradaniel@example.net
509969,virginia52@example.net
444559,michellefuentes@example.com
19883,michellefuentes@example.com
520997,vjohnson@example.org
235489,wdavidson@example.net
276211,onash@example.org
14041,joseph61@example.net
142880,tmendez@example.net
171711,hodgestyler@example.net
267991,john83@example.com
465307,ahall@example.org
193222,crystalthompson@example.net
612965,wiseelizabeth@example.net
223813,hgarcia@example.net
224447,mjohnson@example.org
422383,jjohnson@example.com
519170,patrickvega@example.org
44651,coxjoshua@example.com
478590,nancyhale@example.com
296889,cookedward@example.org
37094,williamschristine@example.org
49245,tjohnson@example.com
320164,mary76@example.com
237872,mary76@example.com
218965,mary76@example.com
116725,mary76@example.com
254541,mary76@example.com
372699,mary76@example.com
55040,mary76@example.com
630670,mary76@example.com
630670,mary76@example.com
272095,mary76@example.com
66991,mary76@example.com
72174,mary76@example.com
72174,mary76@example.com
140214,williamsonvickie@example.org
268071,kwhite@example.net
628041,nreyes@example.org
632736,wzuniga@example.net
548093,dorothy46@example.net
400963,ldavis@example.net
408025,david73@example.org
335207,david73@example.org
335207,david73@example.org
492308,rachelclements@example.com
184939,sergio61@example.org
36307,lwarren@example.com
327798,qrodriguez@example.org
260710,alexishiggins@example.org
471018,asanchez@example.net
544932,along@example.com
76668,stephaniecarter@example.com
126476,levans@example.org
617399,levans@example.org
170082,levans@example.org
337608,levans@example.org
447590,lovechristopher@example.net
163283,kristenbutler@example.org
50035,joe72@example.org
263455,wjones@example.org
273562,harmonedward@example.org
240175,tortiz@example.com
375835,patrickheather@example.org
94727,patrickheather@example.org
614882,patrickheather@example.org
566253,patrickheather@example.org
137096,patrickheather@example.org
373644,patrickheather@example.org
357161,patrickheather@example.org
275912,patrickheather@example.org
377459,patrickheather@example.org
538117,patrickheather@example.org
165821,patrickheather@example.org
572133,patrickheather@example.org
18823,maryparker@example.net
282113,rgonzalez@example.org
79164,kbuchanan@example.com
471161,stephanie75@example.net
36095,rebecca38@example.net
36095,reneewolf@example.org
177947,dawn66@example.org
4717,kennethbrown@example.org
486829,amyreyes@example.com
313962,amyreyes@example.com
154075,amyreyes@example.com
315653,amyreyes@example.com
337495,amyreyes@example.com
119132,amyreyes@example.com
278014,amyreyes@example.com
130787,amyreyes@example.com
343928,amyreyes@example.com
225549,amyreyes@example.com
198673,amyreyes@example.com
587853,amyreyes@example.com
243368,amyreyes@example.com
198524,amyreyes@example.com
474229,amyreyes@example.com
482309,amyreyes@example.com
179216,amyreyes@example.com
145136,amyreyes@example.com
307983,amyreyes@example.com
464976,amyreyes@example.com
219063,amyreyes@example.com
523945,amyreyes@example.com
318144,amyreyes@example.com
462543,noblejohn@example.com
515947,aaron49@example.com
103818,sandovalrachel@example.com
103818,jsolis@example.net
542897,pameladavies@example.org
436117,pamela29@example.com
123559,pmoore@example.org
262744,jacquelineguzman@example.org
374038,egomez@example.org
222746,egomez@example.org
159249,egomez@example.org
507673,juliaarmstrong@example.com
3140,sdavis@example.org
404332,ievans@example.net
527255,fhansen@example.com
217091,hillmichael@example.net
117040,sean83@example.org
584679,brownrobert@example.com
505623,cjones@example.net
546009,ewingchristopher@example.net
606452,luis99@example.net
429562,sheppardamanda@example.com
123637,lee15@example.org
96221,burtonjoshua@example.com
620308,gamblemichael@example.net
502497,michael42@example.com
365538,orodriguez@example.org
445971,webbmichael@example.org
131713,gramos@example.net
616316,ashleywilliams@example.org
444203,pattersonfrancisco@example.net
276488,carol25@example.org
184406,qsmith@example.org
483436,lopezkaren@example.net
483436,hayesjames@example.org
483436,zwilliams@example.com
387699,james51@example.net
489581,melissa30@example.org
477553,diazjulia@example.com
125837,julie26@example.org
477335,denise07@example.org
347980,denise07@example.org
111282,denise07@example.org
141217,denise07@example.org
270276,denise07@example.org
81556,denise07@example.org
28442,denise07@example.org
381411,denise07@example.org
417755,johnsontina@example.org
381610,jamie12@example.org
604739,vgregory@example.org
604739,eileensmith@example.com
611436,jonesvanessa@example.com
365609,nrichard@example.org
548536,plowe@example.net
472153,brandtandrea@example.org
339286,cooperleslie@example.org
323752,melissariggs@example.org
253309,fvelazquez@example.net
392527,campbellmichael@example.com
268452,stevensrenee@example.net
477707,cruzryan@example.net
240205,damonduncan@example.org
116081,njohnson@example.net
162610,njohnson@example.net
162610,jasonwright@example.org
3047,njohnson@example.net
338997,kimberlybishop@example.com
543857,edward74@example.net
296473,edward74@example.net
605812,jonathansims@example.org
520422,lauren53@example.com
196689,morganbradley@example.com
487598,morganadams@example.com
237004,morganadams@example.com
447720,tinaswanson@example.com
263103,greerkyle@example.org
390339,cortezjoel@example.net
536085,angela15@example.net
421134,whicks@example.net
464277,brenda36@example.net
153224,nicholsbilly@example.org
88573,kurt14@example.com
470251,angela04@example.org
354414,christopher84@example.net
364521,ronaldhudson@example.net
369989,ronaldhudson@example.net
536351,ronaldhudson@example.net
244504,alexander14@example.net
104180,nleach@example.com
172733,vincentsandoval@example.org
596914,michael92@example.net
100264,ystuart@example.com
100264,mosesamanda@example.com
232353,scott18@example.net
491181,huangdavid@example.com
25741,twerner@example.com
411333,twerner@example.com
411333,uowens@example.org
60053,twerner@example.com
60053,twerner@example.com
442861,twerner@example.com
442861,twerner@example.com
569753,lisadaniels@example.net
552103,tjones@example.com
557508,seth30@example.net
256876,xjones@example.net
502247,kingjack@example.org
617600,zwilliams@example.com
619792,haydenlauren@example.net
330747,davidbrown@example.net
330747,evelez@example.net
263612,ndavis@example.com
321721,gardneramanda@example.com
290939,melissa50@example.org
290939,oholt@example.com
462134,kristi85@example.net
1012,kennethbaldwin@example.net
489194,ugarcia@example.com
632554,steven33@example.net
632554,steven33@example.net
462322,rjones@example.net
625575,collinsmichael@example.org
284547,maxwellharris@example.com
177232,dgregory@example.org
378412,mfoster@example.net
364165,johnsontimothy@example.net
45873,donald31@example.com
243411,charlesfrederick@example.org
531875,isaacrichardson@example.org
599726,phillipskristina@example.net
82135,urobertson@example.org
251430,villegasmatthew@example.net
251430,lewisryan@example.com
315700,conneralexander@example.com
290933,matthew42@example.net
501972,matthew42@example.net
270227,matthew42@example.net
575960,peter17@example.com
239171,qhall@example.com
257135,tbarker@example.com
590903,njohnson@example.net
512251,vjohnson@example.org
461005,vjohnson@example.org
208942,paul35@example.net
527549,pwheeler@example.com
608186,katiewhite@example.com
101778,dfisher@example.net
620164,escobarwalter@example.org
385788,nathaniel09@example.net
14460,nathaniel09@example.net
517386,tbrandt@example.org
577923,gordonbradley@example.net
358563,ojohnson@example.net
525285,jwhite@example.org
159381,samuel68@example.com
182097,rsmith@example.com
434809,dcampos@example.org
408185,kimberly59@example.org
404705,johnmayer@example.org
608980,williamcooper@example.net
626920,dustinlawson@example.net
489553,ojohnson@example.com
241634,lori15@example.net
379362,padillateresa@example.net
379362,bnelson@example.com
444471,padillateresa@example.net
444471,bnelson@example.com
317939,bnelson@example.com
439383,bnelson@example.com
265429,bnelson@example.com
162837,bnelson@example.com
616769,sfoley@example.net
354526,kfarrell@example.com
439689,brenda75@example.org
320243,kevinbyrd@example.net
597378,ahall@example.org
216795,pughallen@example.com
178323,brandonphillips@example.org
557062,juliegiles@example.org
506580,jstevenson@example.com
228924,amandagonzalez@example.org
285804,harperbethany@example.net
440197,jesse81@example.com
440197,rodriguezann@example.net
157002,johnsonmichael@example.com
524885,richardramirez@example.net
540464,briannaschultz@example.net
137490,dlopez@example.com
76544,wsmith@example.com
344412,georgejenkins@example.net
535736,isabellayork@example.net
297717,ryan05@example.net
474180,bmolina@example.net
209403,shari05@example.net
493967,rsmith@example.net
532719,zwilliams@example.net
36611,sheilaliu@example.org
99723,sandragraham@example.org
99723,jamiewinters@example.org
226150,benjaminwong@example.com
206091,dbrown@example.com
180550,tdavenport@example.com
486885,xjohnson@example.net
546755,nathan86@example.org
65535,zachary93@example.net
14728,rachelaguilar@example.org
415466,mgarcia@example.org
29984,sean14@example.net
311770,austin67@example.org
271374,jesse56@example.org
601700,fdavis@example.com
406166,clee@example.com
491622,hernandezchristopher@example.net
629734,gonzalesmichael@example.com
498350,kimberlygarza@example.net
178585,braunmichael@example.org
70973,mjohnson@example.org
499079,jperez@example.org
26712,katrina44@example.com
26712,howellmikayla@example.com
26712,melaniethomas@example.net
98196,whitneycraig@example.com
89545,ndavis@example.com
195004,john22@example.com
166778,robertjimenez@example.com
436561,bobby91@example.com
393792,mmason@example.com
633437,tnelson@example.org
186703,amyhayes@example.net
407205,fjones@example.org
571091,jonathansmith@example.com
389184,ogross@example.com
121800,samanthaberry@example.com
67418,martinandrea@example.org
83202,dcooper@example.com
19031,ahoover@example.com
49212,shanegates@example.com
299247,donovanbrian@example.org
520816,unguyen@example.org
193506,barrlinda@example.org
437443,jonestammie@example.net
59553,smithchristopher@example.org
275580,javier08@example.org
470404,alopez@example.net
474662,lloyddustin@example.com
539963,mlee@example.net
588305,kristen73@example.net
378448,gregoryjohnathan@example.net
403454,tjohnson@example.com
245705,hwalker@example.net
572711,erin85@example.com
185152,michael69@example.net
178705,gcollier@example.net
495300,onealjennifer@example.com
495300,mjohnson@example.org
239894,martinholland@example.net
130389,hreyes@example.com
291162,reesejennifer@example.com
592661,brooksjacqueline@example.com
212599,gentryjesse@example.com
456296,emily00@example.org
437037,katherinepham@example.com
52130,umarks@example.com
275406,mjohnson@example.org
275406,katherinerusso@example.net
553246,michaela17@example.com
553246,mjackson@example.org
354451,jbenson@example.com
383236,acarlson@example.org
100632,cvaldez@example.net
584682,kathryn50@example.org
103328,belljennifer@example.com
169899,fmaynard@example.com
111930,fmaynard@example.com
497690,iwilson@example.com
38533,christopher16@example.org
539365,emilyblankenship@example.com
612403,vallison@example.net
166614,diamondpadilla@example.net
198681,smithangela@example.net
414005,jonathan46@example.com
114605,sethgreer@example.org
305303,veronica65@example.net
178962,ksmith@example.org
39725,paulrollins@example.net
387090,nicholascraig@example.org
126844,yolanda73@example.org
293492,briansmith@example.net
301044,daniel95@example.org
301044,uhunter@example.org
337878,schultzamy@example.org
457841,crystalhoward@example.org
196029,harringtoncheryl@example.org
328567,dawn59@example.com
328567,alyssawilson@example.net
141123,moorejonathan@example.com
255736,cgentry@example.com
364107,megan74@example.com
275255,randall03@example.net
322136,rsmith@example.com
423085,dlopez@example.com
199389,kellerjoshua@example.org
340087,ahoover@example.com
449662,erikhamilton@example.org
344869,erikhamilton@example.org
147985,davidpena@example.net
490288,micheal61@example.org
225736,brian40@example.org
508821,fdavis@example.com
198149,fdavis@example.com
575518,mariahduncan@example.net
88913,fstevens@example.com
97155,ndavis@example.com
326634,tyler94@example.org
196961,fdavis@example.com
48603,vrogers@example.org
506175,uhill@example.net
525384,christinafarrell@example.org
189600,bradshawmaxwell@example.net
305636,cjohnson@example.com
623933,sarah92@example.com
244241,thomasbradley@example.net
547520,zunigatammy@example.net
302579,brittneyflowers@example.org
302579,pateleric@example.com
39290,ybrown@example.org
37740,rachelcastro@example.org
213984,griffithbrandon@example.org
81213,villanuevakelly@example.org
953,imartin@example.org
262642,dana16@example.net
197813,heatherbaldwin@example.com
521106,imiller@example.net
502597,gdecker@example.org
198265,ndavis@example.com
41832,bassmolly@example.org
171837,rlynch@example.net
533583,jennifer28@example.org
533583,jennifer28@example.org
133129,troyhughes@example.net
367487,matakristin@example.com
230728,cartermonique@example.com
158594,ndavis@example.com
394940,hayleyherrera@example.net
560824,msmith@example.com
448138,bsanchez@example.com
632025,lsmith@example.net
477494,roconnell@example.org
273955,roconnell@example.org
446086,bowmanscott@example.com
352960,timmartinez@example.net
527306,mmcguire@example.net
616694,iwhite@example.org
66773,perkinsstacy@example.com
221257,jessica25@example.net
586240,emily34@example.org
333188,mjohnson@example.org
631458,elizabethdowns@example.org
306210,traviseverett@example.net
236017,jacob37@example.com
576970,savannahryan@example.net
137272,fjones@example.org
196286,qdavis@example.net
476819,amanda36@example.org
486053,debra69@example.net
169515,joshua44@example.org
495016,gfritz@example.net
31547,stephanie91@example.net
80884,jade01@example.net
247840,rsmith@example.com
112305,ssalas@example.net
629137,vanessaramos@example.net
17521,alexislevy@example.net
114834,tiffanyolson@example.net
434665,paulawilliams@example.net
552774,johnathanpowers@example.net
422789,michaelwilliams@example.org
427255,bonnie89@example.org
375762,ghunter@example.org
266265,vjohnson@example.org
619195,richard32@example.org
320634,ssmith@example.org
558576,fthompson@example.org
502882,wintersamanda@example.net
7436,brownkristy@example.org
84527,melissa20@example.com
518472,mark13@example.org
482572,robinpaul@example.com
300210,campbelldavid@example.net
181532,hernandezrachel@example.net
457001,kimberly22@example.com
537614,sramsey@example.org
280128,sramsey@example.org
280128,sramsey@example.org
220891,sramsey@example.org
220891,zclay@example.net
308474,sramsey@example.org
578908,juan38@example.net
578908,jwolfe@example.com
593136,dcooper@example.net
474094,dchambers@example.org
15962,mjohnson@example.org
318586,pierceamy@example.net
491205,michael69@example.com
519150,michael77@example.net
626091,vasquezangela@example.com
263403,rsmith@example.com
150941,xsmith@example.org
217453,cunninghamkendra@example.net
219386,kcunningham@example.net
318119,tdavis@example.net
186397,sdunn@example.com
139687,kelly52@example.net
406420,ndavis@example.com
381581,mark45@example.org
483974,jason12@example.com
88887,tbrown@example.org
281136,conradjonathan@example.com
66969,romandebbie@example.org
211746,gsmith@example.net
299953,wilsonlindsay@example.org
483198,ppace@example.net
414877,ppace@example.net
397910,ppace@example.net
124293,ppace@example.net
473237,ppace@example.net
140891,ppace@example.net
355905,ppace@example.net
134108,ppace@example.net
313104,ppace@example.net
281797,ppace@example.net
413254,ppace@example.net
300206,ppace@example.net
369574,ppace@example.net
536769,ppace@example.net
316583,ppace@example.net
63209,ppace@example.net
403605,ppace@example.net
425448,ppace@example.net
425448,krogers@example.com
17681,ppace@example.net
397650,ppace@example.net
214030,thatfield@example.net
243166,dylan75@example.com
234031,vjohnson@example.org
22839,esmith@example.org
22839,tim88@example.net
481197,edurham@example.com
348765,jjohnson@example.com
532648,shunter@example.org
3258,curtissarah@example.net
14014,mercadojoshua@example.com
469783,athompson@example.com
593883,wlee@example.org
580306,barberwilliam@example.com
18096,dawnevans@example.com
285486,dawnevans@example.com
221831,fosterashley@example.org
509455,carol27@example.net
583713,hgarcia@example.net
491702,vjohnson@example.org
229167,ksandoval@example.net
189350,nlane@example.org
135201,njohnson@example.net
574343,vanessalopez@example.com
429592,macdonalddavid@example.org
328597,jvelasquez@example.net
373367,kristen23@example.net
256434,ryan05@example.net
